city_state,state_clean,city_clean,shooting_count,avg_victim_age,pct_male,pct_minority,pct_unarmed,pct_mental_illness,pct_body_camera,avg_city_population,avg_police_dollars,avg_police_city_dollars,avg_police_cnty_dollars,years_with_data,latest_year,shooting_rate_per_100k,police_budget_per_capita,budget_tercile,shooting_count_tercile,shooting_rate_tercile,budget_category,shooting_frequency,population_size,shooting_rate_category,unarmed_category,minority_category,mental_illness_category
"Rutland, VT",VT,Rutland,1,34,1,0,0,0,0,17421.585365853651,226365609.75609753,220682439.02439028,5683414.6341463393,41,2017,5.740005740005742,12993.398993398998,3,1,3,High_Budget,Few_Shootings,Small,High_Rate,None_Unarmed,Low_Minority,Rare_Mental
"Nampa, ID",ID,Nampa,2,43.5,1,0,0,0.5,0,50096.21951219513,207087073.17073169,154724390.24390244,52362195.121951222,41,2017,3.9923172236841777,4133.7864451092892,3,1,3,High_Budget,Few_Shootings,Small,High_Rate,None_Unarmed,Low_Minority,Frequent_Mental
"Burlington, VT",VT,Burlington,2,66,1,0,0,0.5,1,39885.609756097569,222781463.4146342,220327073.17073172,2453658.5365853659,41,2017,5.0143397887862227,5585.5097810201123,3,1,3,High_Budget,Few_Shootings,Small,High_Rate,None_Unarmed,Low_Minority,Frequent_Mental
"Danville, VA",VA,Danville,2,39.5,1,1,0.5,0,0.5,47408.1219512195,200234634.14634147,200234634.14634147,,41,2017,4.2186864142348774,4223.63565366231,3,1,3,High_Budget,Few_Shootings,Small,High_Rate,Many_Unarmed,High_Minority,Rare_Mental
"Jackson, MI",MI,Jackson,2,31.5,1,1,0,0.5,0,36694.804878048781,304361707.31707311,267481219.51219505,36880731.707317069,41,2017,5.4503628147002932,8294.4086588983464,3,1,3,High_Budget,Few_Shootings,Small,High_Rate,None_Unarmed,High_Minority,Frequent_Mental
"York, PA",PA,York,2,33,1,0.5,0,0.5,0,43107.146341463413,227105853.65853658,217818292.68292686,9287804.8780487813,41,2017,4.6396019447853423,5268.4038015314081,3,1,3,High_Budget,Few_Shootings,Small,High_Rate,None_Unarmed,Medium_Minority,Frequent_Mental
"Chester, PA",PA,Chester,3,29.333333333333332,1,0.66666666666666663,0,0,0,39536.317073170714,330076097.56097555,316071707.31707317,14005853.658536581,41,2017,7.5879601897360223,8348.68095958702,3,2,3,High_Budget,Medium_Shootings,Small,High_Rate,None_Unarmed,High_Minority,Rare_Mental
"Atlantic City, NJ",NJ,Atlantic City,3,31.333333333333332,1,1,0,0,0.33333333333333331,39838.146341463413,1140462926.8292682,1110114634.1463418,30348048.780487806,41,2017,7.5304708564655529,28627.409444557368,3,2,3,High_Budget,Medium_Shootings,Small,High_Rate,None_Unarmed,High_Minority,Rare_Mental
"St. Joseph, MO",MO,St. Joseph,3,31.333333333333332,0.66666666666666663,0,0.33333333333333331,0,0,74771.585365853651,190226585.36585361,139012682.92682928,51213170.731707312,41,2017,4.0122193281326712,2544.1026084318578,3,1,3,High_Budget,Few_Shootings,Small,High_Rate,Many_Unarmed,Low_Minority,Rare_Mental
"Missoula, MT",MT,Missoula,3,39.666666666666664,0.66666666666666663,0,0,0.66666666666666663,0,52861.414634146349,235511219.51219511,154733902.43902436,80777317.073170751,41,2017,5.67521701937602,4455.2576040987051,3,2,3,High_Budget,Medium_Shootings,Small,High_Rate,None_Unarmed,Low_Minority,Frequent_Mental
"Pine Bluff, AR",AR,Pine Bluff,3,30.666666666666668,1,0.66666666666666663,0,0,0.33333333333333331,53632.756097560967,222840731.70731711,182793414.6341463,40047804.878048785,41,2017,5.5935965598016875,4154.937167539133,3,1,3,High_Budget,Few_Shootings,Small,High_Rate,None_Unarmed,High_Minority,Rare_Mental
"Lynn, MA",MA,Lynn,4,38.5,1,0.5,0,0,0,85593.195121951227,207019756.09756097,206939756.097561,142608.69565217392,41,2017,4.6732687035469249,2418.6473679666233,2,2,3,Medium_Budget,Medium_Shootings,Small,High_Rate,None_Unarmed,Medium_Minority,Rare_Mental
"Harrisburg, PA",PA,Harrisburg,4,33.25,1,0.75,0,0.25,0,51139.634146341457,328693170.73170722,319995609.75609756,8696829.2682926841,41,2017,7.8217219711693247,6427.3664882137609,3,2,3,High_Budget,Medium_Shootings,Small,High_Rate,None_Unarmed,High_Minority,Some_Mental
"Terre Haute, IN",IN,Terre Haute,4,28,1,0,0.25,0.25,0,60569,158137560.97560978,128581463.41463415,29554390.243902437,41,2017,6.6040383694629261,2610.8663008405251,3,2,3,High_Budget,Medium_Shootings,Small,High_Rate,Many_Unarmed,Low_Minority,Some_Mental
"Charleston, WV",WV,Charleston,5,31,1,0.2,0,0.4,0,56513.195121951212,334094390.2439025,301086097.56097561,33008292.682926837,41,2017,8.8474912614839365,5911.7943963874632,3,2,3,High_Budget,Medium_Shootings,Small,High_Rate,None_Unarmed,Low_Minority,Frequent_Mental
"Casper, WY",WY,Casper,5,34.4,1,0,0,0.4,0,51624.317073170736,293847073.17073172,236390243.90243903,57456585.365853675,41,2017,9.6853581480083353,5692.0282888050961,3,2,3,High_Budget,Medium_Shootings,Small,High_Rate,None_Unarmed,Low_Minority,Frequent_Mental
"Gulfport, MS",MS,Gulfport,5,41.4,1,0.4,0.2,0,0,57110.0487804878,276239024.39024389,217589999.99999997,58649024.3902439,41,2017,8.7550266665300036,4836.9600497456349,3,2,3,High_Budget,Medium_Shootings,Small,High_Rate,Many_Unarmed,Medium_Minority,Rare_Mental
"Wilmington, DE",DE,Wilmington,5,34.8,1,0.4,0,0.4,0.2,71665.878048780476,683754634.14634156,569178780.487805,114360975.60975607,41,2017,6.9768209587785606,9540.8673243483245,3,2,3,High_Budget,Medium_Shootings,Small,High_Rate,None_Unarmed,Medium_Minority,Frequent_Mental
"Topeka, KS",KS,Topeka,5,36.2,1,0.4,0,0,0,122777.85365853659,293807073.17073178,228768780.48780492,65038536.585365854,41,2017,4.072395673168991,2392.9973070538667,2,2,3,Medium_Budget,Medium_Shootings,Small,High_Rate,None_Unarmed,Medium_Minority,Rare_Mental
"Tallahassee, FL",FL,Tallahassee,6,45.666666666666671,1,0.5,0.33333333333333331,0,0,138313.1707317073,354838048.78048778,254426341.46341464,100410975.60975611,41,2017,4.3379816746725357,2565.4682551438586,3,2,3,High_Budget,Medium_Shootings,Small,High_Rate,Many_Unarmed,Medium_Minority,Rare_Mental
"Gary, IN",IN,Gary,6,25.666666666666668,1,1,0,0,0,110635.53658536586,203045121.9512195,172336341.46341464,30708048.780487806,41,2017,5.4232122744489324,1835.2613293880565,2,2,3,Medium_Budget,Medium_Shootings,Small,High_Rate,None_Unarmed,High_Minority,Rare_Mental
"Eugene, OR",OR,Eugene,6,40.166666666666664,1,0.5,0.16666666666666666,0.16666666666666666,0.16666666666666666,129161.48780487804,295298780.48780495,243667073.17073169,51631707.317073166,41,2017,4.6453475428094269,2286.2757738894088,2,2,3,Medium_Budget,Medium_Shootings,Small,High_Rate,Many_Unarmed,Medium_Minority,Some_Mental
"Rapid City, SD",SD,Rapid City,6,41.666666666666664,1,0,0,0.5,0,59041.243902439026,228772439.02439031,162998780.48780489,65773170.731707312,41,2017,10.162387516622319,3874.790297481175,3,2,3,High_Budget,Medium_Shootings,Small,High_Rate,None_Unarmed,Low_Minority,Frequent_Mental
"Knoxville, TN",TN,Knoxville,7,38,1,0.42857142857142855,0.14285714285714285,0,0,175381.39024390245,296828780.48780483,224952926.82926834,71876829.2682927,41,2017,3.9913014660592654,1692.4759238993704,2,2,3,Medium_Budget,Medium_Shootings,Small,High_Rate,Some_Unarmed,Medium_Minority,Rare_Mental
"Boise, ID",ID,Boise,8,37.714285714285715,0.875,0.25,0,0.25,0.375,164494.21951219509,258995609.75609758,162286829.2682927,96708292.682926834,41,2017,4.8633927828733849,1574.4967241046209,2,2,3,Medium_Budget,Medium_Shootings,Small,High_Rate,None_Unarmed,Low_Minority,Some_Mental
"Little Rock, AR",AR,Little Rock,9,37,1,0.44444444444444442,0,0.1111111111111111,0.1111111111111111,179182.02439024393,260719512.195122,232546585.36585367,28172195.121951226,41,2017,5.0228252697930955,1455.0539490908754,2,2,3,Medium_Budget,Medium_Shootings,Small,High_Rate,None_Unarmed,Medium_Minority,Some_Mental
"Fairbanks, AK",AK,Fairbanks,9,27.222222222222221,1,0,0,0.22222222222222221,0.22222222222222221,29441.853658536587,337774634.14634132,337774634.14634132,0,41,2017,30.56872744624377,11472.600810526903,3,2,3,High_Budget,Medium_Shootings,Small,High_Rate,None_Unarmed,Low_Minority,Some_Mental
"Anchorage, AK",AK,Anchorage,10,32.222222222222221,1,0.1,0,0.3,0,247143.73170731706,362570975.60975617,362570975.60975617,,41,2017,4.0462284561773227,1467.0449988961695,2,3,3,Medium_Budget,Many_Shootings,Medium,High_Rate,None_Unarmed,Low_Minority,Some_Mental
"Shreveport, LA",LA,Shreveport,10,32.600000000000009,1,0.7,0.1,0.1,0,201537.51219512202,275090487.80487794,205933902.43902433,69157317.073170722,41,2017,4.9618554338004959,1364.9592317014628,2,3,3,Medium_Budget,Many_Shootings,Medium,High_Rate,Some_Unarmed,High_Minority,Rare_Mental
"Modesto, CA",CA,Modesto,10,37.777777777777779,0.9,0.4,0,0.1,0.3,167968.31707317077,315727804.87804872,235589999.99999994,78394146.341463432,41,2017,5.9535037168014107,1879.6866598390136,2,2,3,Medium_Budget,Medium_Shootings,Small,High_Rate,None_Unarmed,Medium_Minority,Rare_Mental
"Reno, NV",NV,Reno,10,30.222222222222218,1,0.7,0,0.2,0,165831.60975609755,431047560.97560984,312540243.90243894,118507317.07317074,41,2017,6.03021342837342,2599.3087904627328,3,3,3,High_Budget,Many_Shootings,Small,High_Rate,None_Unarmed,High_Minority,Some_Mental
"Billings, MT",MT,Billings,10,32.4,1,0,0,0.2,0.1,88414.048780487821,201112926.82926831,149734390.24390244,51378536.585365862,41,2017,11.310419710364977,2274.6716116189455,2,2,3,Medium_Budget,Medium_Shootings,Small,High_Rate,None_Unarmed,Low_Minority,Some_Mental
"Tacoma, WA",WA,Tacoma,11,40.727272727272727,0.90909090909090906,0.36363636363636365,0,0.090909090909090912,0,183543.14634146343,341288780.48780495,272908536.58536577,68379999.999999985,41,2017,5.9931412418612542,1859.4471506599966,2,3,3,Medium_Budget,Many_Shootings,Small,High_Rate,None_Unarmed,Medium_Minority,Rare_Mental
"Las Cruces, NM",NM,Las Cruces,12,37.083333333333336,0.91666666666666663,0.66666666666666663,0,0.41666666666666669,0.25,72124.1951219512,265905853.65853661,214725609.75609758,51177560.975609764,41,2017,16.6379673003072,3686.7774151091694,3,3,3,High_Budget,Many_Shootings,Small,High_Rate,None_Unarmed,High_Minority,Frequent_Mental
"Stockton, CA",CA,Stockton,13,37.54545454545454,1,0.30769230769230771,0,0.076923076923076927,0.076923076923076927,228962.14634146343,392505609.75609744,310342682.92682928,82162926.829268292,41,2017,5.67779443358834,1714.2816663272056,2,3,3,Medium_Budget,Many_Shootings,Medium,High_Rate,None_Unarmed,Low_Minority,Rare_Mental
"Spokane, WA",WA,Spokane,13,41.153846153846146,1,0.076923076923076927,0.15384615384615385,0.38461538461538464,0.38461538461538464,191005.51219512193,257682682.92682934,194537073.17073169,63145365.853658527,41,2017,6.8060863011742994,1349.0850602447183,2,3,3,Medium_Budget,Many_Shootings,Small,High_Rate,Many_Unarmed,Low_Minority,Frequent_Mental
"Salt Lake City, UT",UT,Salt Lake City,14,34.785714285714285,1,0.35714285714285715,0.071428571428571425,0.14285714285714285,0.5714285714285714,175419.78048780485,356252682.92682916,296866585.36585361,59343414.634146348,41,2017,7.9808559565340911,2030.8581046913109,2,3,3,Medium_Budget,Many_Shootings,Small,High_Rate,Some_Unarmed,Medium_Minority,Some_Mental
"Aurora, CO",CO,Aurora,15,32.53846153846154,1,0.4,0.066666666666666666,0,0.2,253240.58536585365,307726829.26829261,242772926.82926828,64953902.439024396,41,2017,5.9232211844439071,1215.1560494291361,2,3,3,Medium_Budget,Many_Shootings,Medium,High_Rate,Some_Unarmed,Medium_Minority,Rare_Mental
"Colorado Springs, CO",CO,Colorado Springs,16,35,1,0.4375,0,0.0625,0.125,328000.46341463417,261595853.65853658,203752195.12195122,57843658.536585361,41,2017,4.8780418885487888,797.54720751063769,1,3,3,Low_Budget,Many_Shootings,Medium,High_Rate,None_Unarmed,Medium_Minority,Rare_Mental
"Long Beach, CA",CA,Long Beach,18,30.25,0.83333333333333337,0.5,0.1111111111111111,0.1111111111111111,0.055555555555555552,432304.17073170724,536722439.0243901,409562439.02439028,127157804.87804878,41,2017,4.1637349853769976,1241.5388871126252,2,3,3,Medium_Budget,Many_Shootings,Medium,High_Rate,Some_Unarmed,Medium_Minority,Some_Mental
"Fresno, CA",CA,Fresno,19,37.529411764705884,0.94736842105263153,0.57894736842105265,0.15789473684210525,0.42105263157894735,0.52631578947368418,383256.09756097553,346708048.78048778,260955853.65853658,85590487.804878056,41,2017,4.9575206033028936,904.63805008432257,1,3,3,Low_Budget,Many_Shootings,Medium,High_Rate,Many_Unarmed,Medium_Minority,Frequent_Mental
"Orlando, FL",FL,Orlando,21,33.523809523809526,0.90476190476190477,0.76190476190476186,0.19047619047619047,0.23809523809523808,0.095238095238095233,187420.53658536586,588044878.04878044,435834146.34146339,152210975.60975611,41,2017,11.204748627125486,3137.5690666691648,3,3,3,High_Budget,Many_Shootings,Small,High_Rate,Many_Unarmed,High_Minority,Some_Mental
"Mesa, AZ",AZ,Mesa,22,37.090909090909086,0.95454545454545459,0.36363636363636365,0.045454545454545456,0.27272727272727271,0.090909090909090912,329422.87804878043,341143170.73170733,311188536.58536589,29953902.439024385,41,2017,6.6783461216504438,1035.5782596289241,1,3,3,Low_Budget,Many_Shootings,Medium,High_Rate,Some_Unarmed,Medium_Minority,Some_Mental
"Atlanta, GA",GA,Atlanta,22,28.300000000000004,0.90909090909090906,0.90909090909090906,0.13636363636363635,0.13636363636363635,0.090909090909090912,419796.26829268294,413206341.46341467,351426097.56097549,61724878.048780486,41,2017,5.2406373428411586,984.30208335088446,1,3,3,Low_Budget,Many_Shootings,Medium,High_Rate,Some_Unarmed,High_Minority,Some_Mental
"Bakersfield, CA",CA,Bakersfield,22,34.227272727272727,0.95454545454545459,0.72727272727272729,0.18181818181818182,0,0,228780.41463414635,340245365.8536585,227663658.53658536,112118048.78048784,41,2017,9.61620776637775,1487.2136952709045,2,3,3,Medium_Budget,Many_Shootings,Medium,High_Rate,Many_Unarmed,High_Minority,Rare_Mental
"Louisville, KY",KY,Louisville,23,36.499999999999993,0.95652173913043481,0.47826086956521741,0.043478260869565216,0.043478260869565216,0.43478260869565216,446273.00000000006,288225365.8536585,231674634.14634144,56550487.804878056,41,2017,5.1537959948282772,645.84988528021745,1,3,3,Low_Budget,Many_Shootings,Medium,High_Rate,Some_Unarmed,Medium_Minority,Rare_Mental
"Tulsa, OK",OK,Tulsa,26,41.750000000000014,0.96153846153846156,0.26923076923076922,0.076923076923076927,0.23076923076923078,0.15384615384615385,380192.26829268294,240318780.48780486,221379999.99999997,18937804.878048792,41,2017,6.8386451194174338,632.09802126433715,1,3,3,Low_Budget,Many_Shootings,Medium,High_Rate,Some_Unarmed,Low_Minority,Some_Mental
"Austin, TX",TX,Austin,27,34.111111111111114,0.85185185185185186,0.44444444444444442,0.07407407407407407,0.44444444444444442,0.14814814814814814,601217.43902439019,284602926.82926822,242108292.68292686,42495121.951219521,41,2017,4.4908876967729912,473.37769724560906,1,3,3,Low_Budget,Many_Shootings,Large,High_Rate,Some_Unarmed,Medium_Minority,Frequent_Mental
"Kansas City, MO",MO,Kansas City,29,32.962962962962962,0.96551724137931039,0.55172413793103448,0.034482758620689655,0.068965517241379309,0,449044.07317073183,406715853.65853667,381410487.804878,25306341.463414632,41,2017,6.4581634037008788,905.737048897422,1,3,3,Low_Budget,Many_Shootings,Medium,High_Rate,Some_Unarmed,Medium_Minority,Rare_Mental
"Tucson, AZ",AZ,Tucson,29,35.892857142857139,0.96551724137931039,0.48275862068965519,0.10344827586206896,0.20689655172413793,0.034482758620689655,446655.1707317073,350588536.58536589,248124878.0487805,102465121.95121951,41,2017,6.4927044172560242,784.9199103886657,1,3,3,Low_Budget,Many_Shootings,Medium,High_Rate,Some_Unarmed,Medium_Minority,Some_Mental
"Jacksonville, FL",FL,Jacksonville,30,31.200000000000003,0.96666666666666667,0.6,0.066666666666666666,0.23333333333333334,0.066666666666666666,735602.60975609766,258120243.902439,243718292.68292677,14386097.560975613,41,2017,4.0782889568522664,350.89631341577677,1,3,3,Low_Budget,Many_Shootings,Large,High_Rate,Some_Unarmed,Medium_Minority,Some_Mental
"St. Louis, MO",MO,St. Louis,30,30.066666666666674,0.8666666666666667,0.8,0.033333333333333333,0.13333333333333333,0,376657.51219512196,483828292.68292689,483828292.68292689,,41,2017,7.9647953455549123,1284.5311112029187,2,3,3,Medium_Budget,Many_Shootings,Medium,High_Rate,Some_Unarmed,High_Minority,Some_Mental
"Miami, FL",FL,Miami,30,37.370370370370374,0.93333333333333335,0.76666666666666672,0.066666666666666666,0.2,0.033333333333333333,373708.43902439019,572541463.41463411,367778536.58536577,204762926.82926834,41,2017,8.0276485268351241,1532.0538784441715,2,3,3,Medium_Budget,Many_Shootings,Medium,High_Rate,Some_Unarmed,High_Minority,Some_Mental
"Denver, CO",CO,Denver,31,30.851851851851841,0.87096774193548387,0.38709677419354838,0.064516129032258063,0.064516129032258063,0.064516129032258063,542832.048780488,339640000.00000006,339639512.19512188,,41,2017,5.71079030238612,625.68155429110391,1,3,3,Low_Budget,Many_Shootings,Large,High_Rate,Some_Unarmed,Medium_Minority,Rare_Mental
"Columbus, OH",OH,Columbus,31,30.9,0.93548387096774188,0.61290322580645162,0,0.064516129032258063,0.032258064516129031,688065.82926829276,335797560.9756099,305471707.31707317,30325609.756097559,41,2017,4.5053828691022506,488.0311544212359,1,3,3,Low_Budget,Many_Shootings,Large,High_Rate,None_Unarmed,Medium_Minority,Rare_Mental
"Albuquerque, NM",NM,Albuquerque,37,34.34375,0.94594594594594594,0.64864864864864868,0.081081081081081086,0.16216216216216217,0.16216216216216217,436905.73170731706,319049024.39024395,265635609.75609753,53412926.829268292,41,2017,8.4686460521846136,730.246827258322,1,3,3,Low_Budget,Many_Shootings,Medium,High_Rate,Some_Unarmed,Medium_Minority,Some_Mental
"Las Vegas, NV",NV,Las Vegas,49,39.041666666666643,0.95918367346938771,0.46938775510204084,0.061224489795918366,0.46938775510204084,0.44897959183673469,386547.09756097564,269855121.95121944,8586097.56097561,261269024.39024389,41,2017,12.676333701424449,698.117056508622,1,3,3,Low_Budget,Many_Shootings,Medium,High_Rate,Some_Unarmed,Medium_Minority,Frequent_Mental
"Phoenix, AZ",AZ,Phoenix,79,33.94666666666668,0.94936708860759489,0.45569620253164556,0.050632911392405063,0.12658227848101267,0.050632911392405063,1172663.2682926832,317887073.17073172,287934146.34146333,29953902.439024393,41,2017,6.7368017858202851,271.0812914209834,1,3,3,Low_Budget,Many_Shootings,Large,High_Rate,Some_Unarmed,Medium_Minority,Some_Mental
"Bridgeport, CT",CT,Bridgeport,1,16,1,1,0,0,0,142912.39024390245,369543414.63414633,369543414.63414633,,41,2017,0.699729392457395,2585.8038900858242,3,1,1,High_Budget,Few_Shootings,Small,Low_Rate,None_Unarmed,High_Minority,Rare_Mental
"Galveston, TX",TX,Galveston,1,18,1,1,0,0,0,56927.048780487807,309197804.87804872,254222439.02439025,54974634.146341458,41,2017,1.7566341860721186,5431.4743430723693,3,1,1,High_Budget,Few_Shootings,Small,Low_Rate,None_Unarmed,High_Minority,Rare_Mental
"Ft. Lauderdale, FL",FL,Ft. Lauderdale,1,29,1,1,0,0,0,162566.02439024393,647784390.24390233,490298048.78048778,157487073.17073169,41,2017,0.61513468373900448,3984.7464602374675,3,1,1,High_Budget,Few_Shootings,Small,Low_Rate,None_Unarmed,High_Minority,Rare_Mental
"Warren, OH",OH,Warren,1,44,1,0,0,1,0,48872.121951219517,218900243.90243897,168320487.80487809,50579268.292682916,41,2017,2.0461562953990926,4479.0411212537238,3,1,1,High_Budget,Few_Shootings,Small,Low_Rate,None_Unarmed,Low_Minority,Frequent_Mental
"Charleston, SC",SC,Charleston,1,32,1,1,0,0,0,97534.170731707331,366433658.53658533,268575365.85365856,97858780.48780486,41,2017,1.0252816961460161,3756.9772294938025,3,1,1,High_Budget,Few_Shootings,Small,Low_Rate,None_Unarmed,High_Minority,Rare_Mental
"Euclid, OH",OH,Euclid,1,23,1,1,0,0,1,54126.658536585361,263966829.2682927,239501707.31707314,24278536.585365854,41,2017,1.8475184447679855,4876.8358588009251,3,1,1,High_Budget,Few_Shootings,Small,Low_Rate,None_Unarmed,High_Minority,Rare_Mental
"Sioux Falls, SD",SD,Sioux Falls,1,37,1,0,0,0,0,118959.39024390242,185214634.1463415,151383170.73170727,33830975.6097561,41,2017,0.840623004161084,1556.9568217069368,2,1,1,Medium_Budget,Few_Shootings,Small,Low_Rate,None_Unarmed,Low_Minority,Rare_Mental
"Provo, UT",UT,Provo,1,24,1,0,0,1,0,95500.365853658543,143159024.39024389,115727317.07317075,27431707.31707317,41,2017,1.0471164074202244,1499.0416330929645,2,1,1,Medium_Budget,Few_Shootings,Small,Low_Rate,None_Unarmed,Low_Minority,Frequent_Mental
"Providence, RI",RI,Providence,1,32,1,0,0,0,1,168969.63414634147,298872926.82926822,298872926.82926822,,41,2017,0.59182231473255043,1768.7966736698968,2,1,1,Medium_Budget,Few_Shootings,Small,Low_Rate,None_Unarmed,Low_Minority,Rare_Mental
"Warren, MI",MI,Warren,1,34,1,1,0,0,0,144796.31707317074,304629756.09756094,264600487.80487809,40029512.195121966,41,2017,0.69062530056939531,2103.8501686725958,2,1,1,Medium_Budget,Few_Shootings,Small,Low_Rate,None_Unarmed,High_Minority,Rare_Mental
"Albany, NY",NY,Albany,1,20,1,0,0,1,0,99438.2682926829,451013414.63414633,416136585.36585367,34876829.26829268,41,2017,1.0056490495758004,4535.6121177276564,3,1,1,High_Budget,Few_Shootings,Small,Low_Rate,None_Unarmed,Low_Minority,Frequent_Mental
"Hartford, CT",CT,Hartford,1,41,1,1,0,0,1,130789.17073170729,379663658.53658539,379636829.26829255,,41,2017,0.76458929619741789,2902.8676947222461,3,1,1,High_Budget,Few_Shootings,Small,Low_Rate,None_Unarmed,High_Minority,Rare_Mental
"Frederick, MD",MD,Frederick,1,45,1,1,0,0,0,48140.780487804856,348742439.02439016,282529756.097561,66211463.414634146,41,2017,2.0772409376564274,7244.2207103961364,3,1,1,High_Budget,Few_Shootings,Small,Low_Rate,None_Unarmed,High_Minority,Rare_Mental
"Dearborn Heights, MI",MI,Dearborn Heights,1,38,1,0,0,0,0,66013.268292682929,218930243.90243906,202495121.95121953,16435609.756097561,41,2017,1.5148469782867007,3316.4581843118017,3,1,1,High_Budget,Few_Shootings,Small,Low_Rate,None_Unarmed,Low_Minority,Rare_Mental
"Erie, PA",PA,Erie,1,46,1,0,0,0,0,108256.41463414635,174868780.48780492,169314390.24390242,5553902.4390243907,41,2017,0.92373279068913383,1615.3202660440561,2,1,1,Medium_Budget,Few_Shootings,Small,Low_Rate,None_Unarmed,Low_Minority,Rare_Mental
"Huntington, WV",WV,Huntington,1,41,1,0,0,0,0,54825.463414634141,223260243.90243903,195227073.17073169,28032439.024390239,41,2017,1.8239699908000733,4072.1998501675389,3,1,1,High_Budget,Few_Shootings,Small,Low_Rate,None_Unarmed,Low_Minority,Rare_Mental
"Fall River, MA",MA,Fall River,1,19,1,1,0,0,0,91493.975609756075,209297073.17073172,207674878.04878053,1623170.7317073175,41,2017,1.0929681362467423,2287.5503198531273,2,1,1,Medium_Budget,Few_Shootings,Small,Low_Rate,None_Unarmed,High_Minority,Rare_Mental
"Grand Rapids, MI",MI,Grand Rapids,1,18,1,1,0,0,1,190472.31707317077,268287317.07317072,233785365.85365856,34502439.02439025,41,2017,0.52501067628417919,1408.5370577505339,2,1,1,Medium_Budget,Few_Shootings,Small,Low_Rate,None_Unarmed,High_Minority,Rare_Mental
"Columbia, SC",SC,Columbia,1,17,1,1,0,0,0,117650.63414634146,293940975.60975617,215999999.99999991,77939512.195121944,41,2017,0.849974169077691,2498.4223650178833,3,1,1,High_Budget,Few_Shootings,Small,Low_Rate,None_Unarmed,High_Minority,Rare_Mental
"Pittsfield, MA",MA,Pittsfield,1,36,1,0,0,1,0,47446.756097560981,163933170.73170727,163480975.60975611,771666.66666666686,41,2017,2.1076256466169778,3455.09754965386,3,1,1,High_Budget,Few_Shootings,Small,Low_Rate,None_Unarmed,Low_Minority,Frequent_Mental
"Portland, ME",ME,Portland,1,22,1,1,0,1,0,64258.146341463405,217907317.07317075,198069268.29268295,19838048.7804878,41,2017,1.5562229179255624,3391.1236081294055,3,1,1,High_Budget,Few_Shootings,Small,Low_Rate,None_Unarmed,High_Minority,Frequent_Mental
"Canton, OH",OH,Canton,1,24,1,0,1,1,1,82484.536585365844,281633902.43902445,242111951.21951216,39340975.6097561,41,2017,1.2123484490515,3414.3842482227278,3,1,1,High_Budget,Few_Shootings,Small,Low_Rate,Many_Unarmed,Low_Minority,Frequent_Mental
"Chesapeake, VA",VA,Chesapeake,2,30,1,1,0,1,0.5,176498.04878048779,193267317.07317075,193267317.07317075,,41,2017,1.1331570030484688,1095.0110690092617,1,1,1,Low_Budget,Few_Shootings,Small,Low_Rate,None_Unarmed,High_Minority,Frequent_Mental
"Flint, MI",MI,Flint,2,37.5,1,0.5,0,0,0,130645.85365853659,328417804.87804872,293981707.31707317,34436097.560975611,41,2017,1.5308560845928669,2513.801974430969,3,1,1,High_Budget,Few_Shootings,Small,Low_Rate,None_Unarmed,Medium_Minority,Rare_Mental
"Lubbock, TX",TX,Lubbock,2,30.5,1,1,0,0,0,201201.14634146341,205216585.3658537,174292926.82926831,30900487.804878052,41,2017,0.9940301217796,1019.9573367120662,1,1,1,Low_Budget,Few_Shootings,Medium,Low_Rate,None_Unarmed,High_Minority,Rare_Mental
"Manchester, NH",NH,Manchester,2,56.5,1,0,0,0,0,102682.90243902437,203789024.39024392,194224878.04878047,9564878.04878049,41,2017,1.9477439305805064,1984.6441768751019,2,1,1,Medium_Budget,Few_Shootings,Small,Low_Rate,None_Unarmed,Low_Minority,Rare_Mental
"Rochester, NY",NY,Rochester,2,44,1,0.5,0,0.5,0,226551.51219512196,399394878.0487805,324205853.65853667,75188048.7804878,41,2017,0.88280143470305361,1762.9318567725727,2,1,1,Medium_Budget,Few_Shootings,Medium,Low_Rate,None_Unarmed,Medium_Minority,Frequent_Mental
"Cedar Rapids, IA",IA,Cedar Rapids,2,23,1,0.5,0,0,0,117192.65853658535,236497560.97560969,201892926.82926825,34603902.439024396,41,2017,1.7065915433394128,2018.023687906863,2,1,1,Medium_Budget,Few_Shootings,Small,Low_Rate,None_Unarmed,Medium_Minority,Rare_Mental
"Yonkers, NY",NY,Yonkers,2,36,1,0.5,0.5,0,0,194624.39024390245,382396829.26829267,346264878.0487805,36132926.829268284,41,2017,1.0276204321018596,1964.7939746353197,2,1,1,Medium_Budget,Few_Shootings,Small,Low_Rate,Many_Unarmed,Medium_Minority,Rare_Mental
"Greensboro, NC",NC,Greensboro,2,34,1,0.5,0,0.5,1,217341.24390243902,299110731.70731711,246186585.36585367,52923414.634146348,41,2017,0.92021190460185631,1376.2262805562257,2,1,1,Medium_Budget,Few_Shootings,Medium,Low_Rate,None_Unarmed,Medium_Minority,Frequent_Mental
"Aurora, IL",IL,Aurora,2,40.5,1,1,0,0,0,134178.58536585368,305743414.63414645,276469756.097561,29274878.048780486,41,2017,1.4905508166946051,2278.6304819096213,2,1,1,Medium_Budget,Few_Shootings,Small,Low_Rate,None_Unarmed,High_Minority,Rare_Mental
"Mobile, AL",AL,Mobile,3,28.333333333333332,1,0.33333333333333331,0,0.33333333333333331,0,199134.24390243902,269259268.29268295,215935365.85365859,53323902.439024389,41,2017,1.5065214004426968,1352.1494998348951,2,1,1,Medium_Budget,Few_Shootings,Small,Low_Rate,None_Unarmed,Medium_Minority,Frequent_Mental
"Huntington Beach, CA",CA,Huntington Beach,3,28,1,0,0,0.66666666666666663,0,183720.48780487807,381492439.02439022,310422195.12195128,70831951.219512209,41,2017,1.6329153247111861,2076.4828331479152,2,2,1,Medium_Budget,Medium_Shootings,Small,Low_Rate,None_Unarmed,Low_Minority,Frequent_Mental
"Buffalo, NY",NY,Buffalo,3,35,1,1,0,0.33333333333333331,0.33333333333333331,309153.02439024393,320898048.78048772,282474390.24390244,38423170.73170732,41,2017,0.97039322384667959,1037.9909736073553,1,2,1,Low_Budget,Medium_Shootings,Medium,Low_Rate,None_Unarmed,High_Minority,Frequent_Mental
"Madison, WI",WI,Madison,3,41,1,0.33333333333333331,0.33333333333333331,0.33333333333333331,0,204659.70731707316,315908292.68292677,248594878.0487805,67312195.121951237,41,2017,1.465847889322049,1543.5783468286677,2,2,1,Medium_Budget,Medium_Shootings,Medium,Low_Rate,Many_Unarmed,Medium_Minority,Frequent_Mental
"Columbus, GA",GA,Columbus,3,37,1,0.33333333333333331,0,0,0,183528.04878048779,196914146.34146339,196914146.34146339,,41,2017,1.6346275242037835,1072.9376117161594,1,1,1,Low_Budget,Few_Shootings,Small,Low_Rate,None_Unarmed,Medium_Minority,Rare_Mental
"Hialeah, FL",FL,Hialeah,3,41.5,1,0.33333333333333331,0,0,0,199198.8048780488,406545853.65853655,201781463.41463414,204762926.82926831,41,2017,1.5060331319942533,2040.9050842821441,2,2,1,Medium_Budget,Medium_Shootings,Small,Low_Rate,None_Unarmed,Medium_Minority,Rare_Mental
"Lincoln, NE",NE,Lincoln,4,33.25,1,0.25,0,0,0,216473.80487804877,158367804.87804881,127557317.07317072,30810000,41,2017,1.8477986296094406,731.5795320697847,1,2,1,Low_Budget,Medium_Shootings,Medium,Low_Rate,None_Unarmed,Low_Minority,Rare_Mental
"Montgomery, AL",AL,Montgomery,4,43.75,0.75,0.5,0,0,0.25,193723.31707317074,232598780.48780489,189198048.78048781,43399756.097560972,41,2017,2.0648004899116867,1200.6751897602012,2,2,1,Medium_Budget,Medium_Shootings,Small,Low_Rate,None_Unarmed,Medium_Minority,Rare_Mental
"Des Moines, IA",IA,Des Moines,4,30.75,0.75,0.25,0.25,0,0.25,198464.51219512193,260181707.31707317,231944634.14634144,28238048.780487806,41,2017,2.0154736762547092,1310.9734553514206,2,2,1,Medium_Budget,Medium_Shootings,Small,Low_Rate,Many_Unarmed,Low_Minority,Rare_Mental
"Pittsburgh, PA",PA,Pittsburgh,5,31.6,1,1,0.2,0,0,357082.26829268294,290481463.41463423,260599268.29268292,29883170.731707316,41,2017,1.4002375485925118,813.48610448654574,1,2,1,Low_Budget,Medium_Shootings,Medium,Low_Rate,Many_Unarmed,High_Minority,Rare_Mental
"Toledo, OH",OH,Toledo,5,35,1,0.4,0,0,0.2,319848.8292682927,311167804.87804866,262571219.51219514,47367317.073170714,41,2017,1.5632384872060747,972.85897712959172,1,2,1,Low_Budget,Medium_Shootings,Medium,Low_Rate,None_Unarmed,Medium_Minority,Rare_Mental
"Raleigh, NC",NC,Raleigh,5,30.8,1,0.8,0,0,0.2,275881.65853658528,240745365.85365847,196315609.75609753,44429268.292682931,41,2017,1.8123712995356447,872.63998313875834,1,2,1,Low_Budget,Medium_Shootings,Medium,Low_Rate,None_Unarmed,High_Minority,Rare_Mental
"St. Petersburg, FL",FL,St. Petersburg,5,34.4,1,0.6,0.2,0.4,0,245535.82926829267,427129024.39024395,299739756.097561,127389512.19512194,41,2017,2.0363626827498926,1739.5792119753228,2,2,1,Medium_Budget,Medium_Shootings,Medium,Low_Rate,Many_Unarmed,Medium_Minority,Frequent_Mental
"Virginia Beach, VA",VA,Virginia Beach,6,39.5,0.83333333333333337,0.5,0.16666666666666666,0.16666666666666666,0,384793.85365853657,190022195.12195119,190022195.12195119,,41,2017,1.5592764652951965,493.82856122898363,1,2,1,Low_Budget,Medium_Shootings,Medium,Low_Rate,Many_Unarmed,Medium_Minority,Some_Mental
"Minneapolis, MN",MN,Minneapolis,7,38.000000000000007,0.8571428571428571,0.7142857142857143,0.2857142857142857,0.2857142857142857,0.5714285714285714,379867.19512195117,361327073.17073172,302840487.80487812,58485609.756097578,41,2017,1.8427492791928888,951.19314805463159,1,2,1,Low_Budget,Medium_Shootings,Medium,Low_Rate,Many_Unarmed,High_Minority,Some_Mental
"Nashville, TN",TN,Nashville,7,37,1,0.7142857142857143,0,0.14285714285714285,0.14285714285714285,555068.75609756075,262599024.39024392,253658292.68292686,8941219.5121951234,41,2017,1.2611050294406514,473.0927862639212,1,2,1,Low_Budget,Medium_Shootings,Large,Low_Rate,None_Unarmed,High_Minority,Some_Mental
"Cincinnati, OH",OH,Cincinnati,7,30.857142857142858,1,0.7142857142857143,0,0.42857142857142855,0.14285714285714285,343537.8292682927,426006829.26829267,355020487.80487794,70986585.365853682,41,2017,2.0376213050275784,1240.0579877204561,2,2,1,Medium_Budget,Medium_Shootings,Medium,Low_Rate,None_Unarmed,High_Minority,Frequent_Mental
"Cleveland, OH",OH,Cleveland,7,34.000000000000007,1,0.7142857142857143,0.2857142857142857,0.14285714285714285,0.14285714285714285,485596.41463414638,469158780.48780489,444693902.43902433,24278536.585365865,41,2017,1.441526294067446,966.149597379697,1,2,1,Low_Budget,Medium_Shootings,Medium,Low_Rate,Many_Unarmed,High_Minority,Some_Mental
"Boston, MA",MA,Boston,8,33.285714285714292,1,0.75,0,0.375,0.125,595539.34146341472,485078048.78048784,485078048.78048784,,41,2017,1.3433201541885806,814.518899101626,1,2,1,Low_Budget,Medium_Shootings,Large,Low_Rate,None_Unarmed,High_Minority,Frequent_Mental
"New Orleans, LA",LA,New Orleans,9,37.111111111111114,1,0.88888888888888884,0,0.22222222222222221,0.55555555555555558,470910.4878048781,299791219.51219511,299690975.60975617,,41,2017,1.9111912418754948,636.62039235875693,1,2,1,Low_Budget,Medium_Shootings,Medium,Low_Rate,None_Unarmed,High_Minority,Some_Mental
"Detroit, MI",MI,Detroit,12,33.363636363636367,1,0.75,0.16666666666666666,0,0.33333333333333331,960418.6585365854,510964634.14634144,494530243.90243906,16435609.756097561,41,2017,1.2494551093254174,532.0228106822824,1,3,1,Low_Budget,Many_Shootings,Large,Low_Rate,Many_Unarmed,High_Minority,Rare_Mental
"San Francisco, CA",CA,San Francisco,15,30.733333333333331,0.8666666666666667,0.6,0.13333333333333333,0.2,0.2,755479.07317073178,452014878.0487805,452013170.73170733,,41,2017,1.9854951027359735,598.3155511531013,1,3,1,Low_Budget,Many_Shootings,Large,Low_Rate,Some_Unarmed,Medium_Minority,Some_Mental
"Dallas, TX",TX,Dallas,16,35.071428571428569,0.9375,0.4375,0.0625,0.125,0.125,1093507,286559512.19512194,269610975.60975617,16948048.780487802,41,2017,1.4631822201412521,262.0554895351579,1,3,1,Low_Budget,Many_Shootings,Large,Low_Rate,Some_Unarmed,Medium_Minority,Some_Mental
"Philadelphia, PA",PA,Philadelphia,17,35.874999999999993,1,0.82352941176470584,0.17647058823529413,0.11764705882352941,0,1581764.9512195121,393490243.902439,393490243.902439,,41,2017,1.0747488106177412,248.7665715434301,1,3,1,Low_Budget,Many_Shootings,Large,Low_Rate,Many_Unarmed,High_Minority,Some_Mental
"San Diego, CA",CA,San Diego,18,38.705882352941181,1,0.3888888888888889,0.1111111111111111,0.27777777777777779,0.61111111111111116,1139932.1951219509,312985853.65853661,246171707.31707314,66068780.487804867,41,2017,1.5790412865805887,274.56532502361085,1,3,1,Low_Budget,Many_Shootings,Large,Low_Rate,Some_Unarmed,Medium_Minority,Some_Mental
"New York, NY",NY,New York,25,32.130434782608688,1,0.8,0.04,0.2,0.24,7720198.4634146336,508159024.39024383,507769024.39024383,,41,2017,0.323825872074052,65.822015690188067,1,3,1,Low_Budget,Many_Shootings,Large,Low_Rate,Some_Unarmed,High_Minority,Some_Mental
"Chicago, IL",IL,Chicago,38,28.210526315789469,0.94736842105263153,0.94736842105263153,0.078947368421052627,0.078947368421052627,0.13157894736842105,2848818.7073170734,473878048.78048778,457119024.39024389,16758048.780487806,41,2017,1.3338862140436865,166.34194642268795,1,3,1,Low_Budget,Many_Shootings,Large,Low_Rate,Some_Unarmed,High_Minority,Rare_Mental
"Johnstown, PA",PA,Johnstown,1,41,1,0,0,0,0,26881.780487804881,159576097.56097561,125907804.87804878,33669512.195121966,41,2017,3.7199916889941771,5936.2175668895325,3,1,2,High_Budget,Few_Shootings,Small,Medium_Rate,None_Unarmed,Low_Minority,Rare_Mental
"Dover, DE",DE,Dover,1,16,1,0,0,0,0,30449.317073170732,345290731.707317,341536829.26829261,3538780.487804878,41,2017,3.2841459057914713,11339.851428443264,3,1,2,High_Budget,Few_Shootings,Small,Medium_Rate,None_Unarmed,Low_Minority,Rare_Mental
"Bay City, MI",MI,Bay City,1,17,1,0,0,0,0,38029.560975609769,278643902.43902445,206018048.78048778,72625609.75609757,41,2017,2.6295333796815306,7327.034425081386,3,1,2,High_Budget,Few_Shootings,Small,Medium_Rate,None_Unarmed,Low_Minority,Rare_Mental
"Rock Island, IL",IL,Rock Island,1,32,1,1,0,0,0,41534.414634146342,289615121.95121956,253041219.51219514,36076341.463414639,41,2017,2.4076419730684693,6972.895236450996,3,1,2,High_Budget,Few_Shootings,Small,Medium_Rate,None_Unarmed,High_Minority,Rare_Mental
"East St. Louis, IL",IL,East St. Louis,1,41,1,1,0,0,0,38286.951219512186,239198536.58536586,215445853.65853658,23753414.634146336,41,2017,2.6118559147388307,6247.5211257736046,3,1,2,High_Budget,Few_Shootings,Small,Medium_Rate,None_Unarmed,High_Minority,Rare_Mental
"Lima, OH",OH,Lima,1,57,1,0,0,0,0,42625.634146341457,261624390.24390242,202108292.68292683,59515609.756097555,41,2017,2.3460061534024814,6137.724293923673,3,1,2,High_Budget,Few_Shootings,Small,Medium_Rate,None_Unarmed,Low_Minority,Rare_Mental
"University City, MO",MO,University City,1,61,1,0,0,1,0,38801.243902439026,280253170.73170733,200891707.31707314,79360975.609756082,41,2017,2.5772369631096814,7222.7883063844447,3,1,2,High_Budget,Few_Shootings,Small,Medium_Rate,None_Unarmed,Low_Minority,Frequent_Mental
"Gadsden, AL",AL,Gadsden,1,,1,0,0,0,0,41183.780487804892,291206097.56097561,230627804.87804875,60578292.682926826,41,2017,2.4281403702025712,7070.8928153695342,3,1,2,High_Budget,Few_Shootings,Small,Medium_Rate,None_Unarmed,Low_Minority,Rare_Mental
"Bismarck, ND",ND,Bismarck,2,36,1,0,0.5,0.5,0,54234.999999999971,195141463.41463417,153214390.24390244,41926585.365853652,41,2017,3.6876555729694864,3598.0725253919845,3,1,2,High_Budget,Few_Shootings,Small,Medium_Rate,Many_Unarmed,Low_Minority,Frequent_Mental
"Dearborn, MI",MI,Dearborn,2,33,0.5,1,0.5,1,0,93946.121951219509,328792439.02439022,312358292.68292683,16435609.756097561,41,2017,2.1288797860527739,3499.7978862300679,3,1,2,High_Budget,Few_Shootings,Small,Medium_Rate,Many_Unarmed,High_Minority,Frequent_Mental
"Springfield, OH",OH,Springfield,2,35.5,1,0,0,0.5,0,66954.829268292713,285533902.43902439,208699268.29268292,76835365.853658557,41,2017,2.9870884921322989,4264.5751704461818,3,1,2,High_Budget,Few_Shootings,Small,Medium_Rate,None_Unarmed,Low_Minority,Frequent_Mental
"Reading, PA",PA,Reading,2,48.5,1,0.5,0.5,0,0,81967.902439024372,248506097.56097561,236878292.68292683,11628048.780487806,41,2017,2.4399794803676875,3031.7488939751556,3,1,2,High_Budget,Few_Shootings,Small,Medium_Rate,Many_Unarmed,Medium_Minority,Rare_Mental
"Schenectady, NY",NY,Schenectady,2,33.5,1,0,0,0.5,0,65610,258434146.34146342,241942439.02439034,16491219.512195118,41,2017,3.0483158055174515,3938.944464890465,3,1,2,High_Budget,Few_Shootings,Small,Medium_Rate,None_Unarmed,Low_Minority,Frequent_Mental
"Cheyenne, WY",WY,Cheyenne,2,36,1,0,0,0,0,53664.121951219524,247835853.65853655,189003170.7317073,58831219.512195125,41,2017,3.7268847924466035,4618.2783701151093,3,1,2,High_Budget,Few_Shootings,Small,Medium_Rate,None_Unarmed,Low_Minority,Rare_Mental
"Saginaw, MI",MI,Saginaw,2,43,1,0,0.5,0,0,64378.731707317085,314297560.97560972,279455121.95121956,34842682.926829271,41,2017,3.1066160313510593,4882.0092077068311,3,1,2,High_Budget,Few_Shootings,Small,Medium_Rate,Many_Unarmed,Low_Minority,Rare_Mental
"Troy, NY",NY,Troy,2,38,1,1,0,0,0,52644.829268292684,300990487.80487812,273219756.097561,27770731.707317073,41,2017,3.7990435676169527,5717.3798830450551,3,1,2,High_Budget,Few_Shootings,Small,Medium_Rate,None_Unarmed,High_Minority,Rare_Mental
"Trenton, NJ",NJ,Trenton,3,36.666666666666664,1,0.66666666666666663,0,0.33333333333333331,0,87961.243902439019,422320975.60975605,394563902.43902427,27756585.365853664,41,2017,3.4105929690210024,4801.2165002824131,3,2,2,High_Budget,Medium_Shootings,Small,Medium_Rate,None_Unarmed,High_Minority,Frequent_Mental
"South Bend, IN",IN,South Bend,3,45.333333333333336,1,1,0,0.33333333333333331,0,106170.70731707315,248318536.58536589,215413170.73170727,32905609.756097566,41,2017,2.8256381405095667,2338.8610932371002,2,2,2,Medium_Budget,Medium_Shootings,Small,Medium_Rate,None_Unarmed,High_Minority,Frequent_Mental
"Camden, NJ",NJ,Camden,3,31.666666666666668,1,1,0,0.33333333333333331,0,82651.121951219524,383229268.29268295,351806341.46341461,31422195.121951219,41,2017,3.6297147929469031,4636.7098140405624,3,1,2,High_Budget,Few_Shootings,Small,Medium_Rate,None_Unarmed,High_Minority,Frequent_Mental
"Salem, OR",OR,Salem,4,39.5,1,0,0,0,0,124420.9268292683,252035609.75609753,204231463.4146342,47803902.439024389,41,2017,3.21489326750382,2025.6689624402447,2,2,2,Medium_Budget,Medium_Shootings,Small,Medium_Rate,None_Unarmed,Low_Minority,Rare_Mental
"Syracuse, NY",NY,Syracuse,4,44.5,0.75,1,0,0.25,0.25,155988.68292682926,342631463.41463423,264913414.63414633,77719024.390243918,41,2017,2.5642885912924265,2196.5148816299375,2,2,2,Medium_Budget,Medium_Shootings,Small,Medium_Rate,None_Unarmed,High_Minority,Some_Mental
"Fremont, CA",CA,Fremont,5,39,1,0.2,0.2,0.2,0.2,182481.14634146341,292754390.24390239,241135609.75609756,51617073.170731708,41,2017,2.7400090914838247,1604.299381680192,2,2,2,Medium_Budget,Medium_Shootings,Small,Medium_Rate,Many_Unarmed,Low_Minority,Some_Mental
"Savannah, GA",GA,Savannah,5,32.75,0.8,1,0.2,0,0.2,137931.5365853658,375704634.14634144,290725121.9512195,84979268.2926829,41,2017,3.6249868041638913,2723.8486820874205,3,2,2,High_Budget,Medium_Shootings,Small,Medium_Rate,Many_Unarmed,High_Minority,Rare_Mental
"Jackson, MS",MS,Jackson,5,30.333333333333332,0.8,0.8,0,0,0,188747.24390243902,215663170.73170727,175415609.75609758,40247804.878048785,41,2017,2.649045303455893,1142.603019110471,1,2,2,Low_Budget,Medium_Shootings,Small,Medium_Rate,None_Unarmed,High_Minority,Rare_Mental
"Dayton, OH",OH,Dayton,5,29.4,0.8,0.8,0,0.2,0,169726.39024390242,396415609.75609761,337573170.73170733,58842439.024390243,41,2017,2.9459178344716075,2335.61562928685,2,2,2,Medium_Budget,Medium_Shootings,Small,Medium_Rate,None_Unarmed,High_Minority,Some_Mental
"Riverside, CA",CA,Riverside,6,42.2,1,0.5,0,0,0,243204.34146341466,405697073.17073178,273341707.31707317,132252195.12195121,41,2017,2.4670612226314153,1668.1325289242873,2,2,2,Medium_Budget,Medium_Shootings,Medium,Medium_Rate,None_Unarmed,Medium_Minority,Rare_Mental
"Kansas City, KS",KS,Kansas City,6,39.5,1,0.5,0,0,0,156877.6341463415,295122439.02439016,270584390.24390233,24537560.975609753,41,2017,3.8246369743203603,1881.2269870738144,2,2,2,Medium_Budget,Medium_Shootings,Small,Medium_Rate,None_Unarmed,Medium_Minority,Rare_Mental
"Durham, NC",NC,Durham,6,29.5,1,0.83333333333333337,0,0.33333333333333331,0.33333333333333331,172133.46341463414,295307317.07317078,239841951.21951222,55464634.146341465,41,2017,3.4856673891161027,1715.5718081488671,2,2,2,Medium_Budget,Medium_Shootings,Small,Medium_Rate,None_Unarmed,High_Minority,Frequent_Mental
"Chattanooga, TN",TN,Chattanooga,6,31.166666666666668,1,0.33333333333333331,0,0.16666666666666666,0,161344.65853658537,310961707.31707317,253356829.26829267,57605853.658536576,41,2017,3.7187472175532119,1927.3133064182705,2,2,2,Medium_Budget,Medium_Shootings,Small,Medium_Rate,None_Unarmed,Medium_Minority,Some_Mental
"Akron, OH",OH,Akron,7,40.285714285714285,1,0.2857142857142857,0.42857142857142855,0.5714285714285714,0.14285714285714285,218436.53658536586,266154878.0487805,238763902.43902442,27390243.902439028,41,2017,3.2045921023218442,1218.4540288422222,2,2,2,Medium_Budget,Medium_Shootings,Medium,Medium_Rate,Many_Unarmed,Low_Minority,Frequent_Mental
"Garland, TX",TX,Garland,7,40.428571428571431,1,0.2857142857142857,0,0.14285714285714285,0,192678.31707317071,184319512.19512197,167841463.41463417,16476829.268292679,41,2017,3.6329983084405444,956.617822882092,1,2,2,Low_Budget,Medium_Shootings,Small,Medium_Rate,None_Unarmed,Low_Minority,Some_Mental
"Corpus Christi, TX",TX,Corpus Christi,7,32.857142857142854,1,1,0.14285714285714285,0,0.42857142857142855,273516.63414634141,220930000,188432682.92682928,32497560.975609764,41,2017,2.559259337863431,807.73880787738256,1,2,2,Low_Budget,Medium_Shootings,Medium,Medium_Rate,Some_Unarmed,High_Minority,Rare_Mental
"Norfolk, VA",VA,Norfolk,7,35,0.7142857142857143,0.5714285714285714,0,0.5714285714285714,0.2857142857142857,253805.09756097567,251452439.02439025,251452439.02439025,,41,2017,2.7580218314245157,990.73045199172884,1,2,2,Low_Budget,Medium_Shootings,Medium,Medium_Rate,None_Unarmed,Medium_Minority,Frequent_Mental
"Richmond, VA",VA,Richmond,7,31.428571428571431,0.8571428571428571,0.7142857142857143,0.14285714285714285,0.2857142857142857,0.2857142857142857,207719.31707317071,381058536.58536577,381058536.58536577,,41,2017,3.36993212698374,1834.4877210006184,2,2,2,Medium_Budget,Medium_Shootings,Medium,Medium_Rate,Some_Unarmed,High_Minority,Some_Mental
"Birmingham, AL",AL,Birmingham,8,41.375000000000007,1,0.5,0,0.125,0,248429.6585365854,355512439.02439028,307984390.2439025,47527317.073170729,41,2017,3.22022742659845,1431.0386333040633,2,2,2,Medium_Budget,Medium_Shootings,Medium,Medium_Rate,None_Unarmed,Medium_Minority,Some_Mental
"St. Paul, MN",MN,St. Paul,9,30.555555555555557,1,0.44444444444444442,0,0.22222222222222221,0.33333333333333331,280452.92682926828,332441463.41463423,263730487.80487806,68710975.609756067,41,2017,3.2090946961230831,1185.373485572554,1,2,2,Low_Budget,Medium_Shootings,Medium,Medium_Rate,None_Unarmed,Medium_Minority,Some_Mental
"Anaheim, CA",CA,Anaheim,10,30.9,0.8,0.8,0.1,0.5,0.8,291383.68292682932,371844878.04878056,300775365.8536585,70831951.2195122,41,2017,3.4319011619161754,1276.1348690281886,2,3,2,Medium_Budget,Many_Shootings,Medium,Medium_Rate,Some_Unarmed,High_Minority,Frequent_Mental
"Oakland, CA",CA,Oakland,10,32.1,1,0.8,0,0.1,0.3,383612.34146341454,476245609.75609756,424626341.46341461,51617073.1707317,41,2017,2.6067983010796096,1241.4762464088178,2,3,2,Medium_Budget,Many_Shootings,Medium,Medium_Rate,None_Unarmed,High_Minority,Rare_Mental
"Wichita, KS",KS,Wichita,11,35.36363636363636,0.90909090909090906,0.18181818181818182,0.18181818181818182,0.18181818181818182,0.090909090909090912,333252.268292683,208299024.39024398,161417560.97560978,46881951.219512179,41,2017,3.3008027391246775,625.04908205846846,1,3,2,Low_Budget,Many_Shootings,Medium,Medium_Rate,Many_Unarmed,Low_Minority,Some_Mental
"Arlington, TX",TX,Arlington,11,28.1,0.81818181818181823,0.63636363636363635,0.18181818181818182,0.18181818181818182,0.090909090909090912,285335.82926829281,202479756.09756103,182007560.97560975,20470975.609756097,41,2017,3.8551064646203357,709.6191060785967,1,3,2,Low_Budget,Many_Shootings,Medium,Medium_Rate,Many_Unarmed,Medium_Minority,Some_Mental
"Omaha, NE",NE,Omaha,11,37.54545454545454,0.90909090909090906,0.36363636363636365,0.090909090909090912,0.27272727272727271,0.18181818181818182,383794.97560975613,229856829.26829273,199601463.41463417,30255121.951219514,41,2017,2.8661136020667537,598.90525899435386,1,3,2,Low_Budget,Many_Shootings,Medium,Medium_Rate,Some_Unarmed,Medium_Minority,Some_Mental
"Santa Ana, CA",CA,Santa Ana,11,29.666666666666668,1,0.63636363636363635,0.18181818181818182,0.090909090909090912,0,292554.34146341472,390343658.53658539,319274146.34146333,70831951.219512209,41,2017,3.759985220173395,1334.2603517145196,2,3,2,Medium_Budget,Many_Shootings,Medium,Medium_Rate,Many_Unarmed,Medium_Minority,Rare_Mental
"Tampa, FL",FL,Tampa,12,36.083333333333336,1,0.58333333333333337,0.16666666666666666,0.41666666666666669,0,306045.36585365859,505684634.14634168,361363414.63414627,144306097.56097561,41,2017,3.9209873237348836,1652.3192002460983,2,3,2,Medium_Budget,Many_Shootings,Medium,Medium_Rate,Many_Unarmed,Medium_Minority,Frequent_Mental
"Baton Rouge, LA",LA,Baton Rouge,12,39.75,1,1,0.16666666666666666,0.33333333333333331,0.33333333333333331,403374.19512195128,228576829.26829273,217988292.68292683,10589756.097560974,41,2017,2.9749052232684505,566.66200275698736,1,3,2,Low_Budget,Many_Shootings,Medium,Medium_Rate,Many_Unarmed,High_Minority,Frequent_Mental
"Washington, DC",DC,Washington,13,38.07692307692308,0.84615384615384615,0.92307692307692313,0.076923076923076927,0.15384615384615385,0.23076923076923078,613252.60975609755,835997804.87804866,835997804.87804866,,41,2017,2.1198442196879279,1363.2193187250214,2,3,2,Medium_Budget,Many_Shootings,Large,Medium_Rate,Some_Unarmed,High_Minority,Some_Mental
"Sacramento, CA",CA,Sacramento,13,38.07692307692308,1,0.69230769230769229,0.15384615384615385,0.38461538461538464,0.38461538461538464,392103.09756097564,433076585.36585361,305441463.41463411,127393902.43902436,41,2017,3.3154545528624344,1104.4967205302585,1,3,2,Low_Budget,Many_Shootings,Medium,Medium_Rate,Many_Unarmed,High_Minority,Frequent_Mental
"Seattle, WA",WA,Seattle,13,33.363636363636367,0.92307692307692313,0.46153846153846156,0.076923076923076927,0.15384615384615385,0.46153846153846156,553152.731707317,373401707.31707323,309262195.12195128,64138292.682926834,41,2017,2.3501646570333725,675.04268877885011,1,3,2,Low_Budget,Many_Shootings,Large,Medium_Rate,Some_Unarmed,Medium_Minority,Some_Mental
"El Paso, TX",TX,El Paso,15,36.4,0.93333333333333335,0.6,0.066666666666666666,0.13333333333333333,0,548103.6585365854,194443902.43902442,162544634.14634144,31900243.902439035,41,2017,2.7367086072823144,354.75753429229388,1,3,2,Low_Budget,Many_Shootings,Large,Medium_Rate,Some_Unarmed,Medium_Minority,Some_Mental
"Milwaukee, WI",WI,Milwaukee,15,34.933333333333337,1,0.8,0,0.2,0.4,613880.70731707325,416766585.36585361,380180000.00000006,36586097.560975611,41,2017,2.443471479264522,678.90484323461726,1,3,2,Low_Budget,Many_Shootings,Large,Medium_Rate,None_Unarmed,High_Minority,Some_Mental
"Memphis, TN",TN,Memphis,15,31.733333333333327,1,0.8666666666666667,0.066666666666666666,0.2,0.13333333333333333,650392.92682926846,364957560.97560984,281899024.39024395,83057073.170731708,41,2017,2.3062981439737547,561.13396367149164,1,3,2,Low_Budget,Many_Shootings,Large,Medium_Rate,Some_Unarmed,High_Minority,Some_Mental
"Charlotte, NC",NC,Charlotte,17,30.058823529411764,0.94117647058823528,0.6470588235294118,0.058823529411764705,0.35294117647058826,0.29411764705882354,528768.07317073166,284282195.12195116,236308292.6829268,47973658.536585368,41,2017,3.2150201312383215,537.63116486452554,1,3,2,Low_Budget,Many_Shootings,Large,Medium_Rate,Some_Unarmed,Medium_Minority,Frequent_Mental
"Portland, OR",OR,Portland,17,37.588235294117645,1,0.23529411764705882,0,0.35294117647058826,0,499333.60975609755,336874634.14634156,287283414.63414633,49591707.317073189,41,2017,3.4045375011515349,674.64842655171958,1,3,2,Low_Budget,Many_Shootings,Medium,Medium_Rate,None_Unarmed,Low_Minority,Frequent_Mental
"Indianapolis, IN",IN,Indianapolis,18,35.222222222222229,1,0.66666666666666663,0.16666666666666666,0.1111111111111111,0.16666666666666666,839987.68292682944,216348048.78048784,204599024.39024392,11749756.097560974,41,2017,2.14288856442291,257.56097759273183,1,3,2,Low_Budget,Many_Shootings,Large,Medium_Rate,Many_Unarmed,High_Minority,Some_Mental
"Baltimore, MD",MD,Baltimore,19,31.315789473684205,1,0.94736842105263153,0.052631578947368418,0.10526315789473684,0.47368421052631576,697584.92682926822,494693414.63414639,494693414.63414639,,41,2017,2.7236827043211314,709.151524937151,1,3,2,Low_Budget,Many_Shootings,Large,Medium_Rate,Some_Unarmed,High_Minority,Some_Mental
"San Jose, CA",CA,San Jose,20,33.882352941176471,0.95,0.45,0.1,0.4,0.2,824036.60975609766,290489268.292683,237966341.46341461,52523658.536585376,41,2017,2.4270766326655919,352.51985755664839,1,3,2,Low_Budget,Many_Shootings,Large,Medium_Rate,Some_Unarmed,Medium_Minority,Frequent_Mental
"San Antonio, TX",TX,San Antonio,43,34.447368421052637,0.95348837209302328,0.72093023255813948,0.046511627906976744,0.11627906976744186,0.023255813953488372,1093592.7560975612,218488292.68292677,193922682.92682934,24565609.756097566,41,2017,3.9319938578821292,199.78944763916769,1,3,2,Low_Budget,Many_Shootings,Large,Medium_Rate,Some_Unarmed,High_Minority,Some_Mental
"Houston, TX",TX,Houston,57,34.745098039215691,0.98245614035087714,0.73684210526315785,0.070175438596491224,0.15789473684210525,0.14035087719298245,1877710.3658536584,340119268.29268289,279438292.68292677,60679512.195121944,41,2017,3.0356119365664922,181.13510713781216,1,3,2,Low_Budget,Many_Shootings,Large,Medium_Rate,Some_Unarmed,High_Minority,Some_Mental
"Los Angeles, CA",CA,Los Angeles,85,33.4805194805195,0.95294117647058818,0.71764705882352942,0.058823529411764705,0.10588235294117647,0.18823529411764706,3520346.1463414631,521307804.8780489,394147560.97560972,127157804.87804879,41,2017,2.4145352890464102,148.08424603921992,1,3,2,Low_Budget,Many_Shootings,Large,Medium_Rate,Some_Unarmed,High_Minority,Some_Mental
